{
  "CELL_NUM": 4186,
  "GENE_NUM": 13488,
  "FEATURE_NON_ZERO_QUARTILE": [
    1.0,
    1.0,
    1.0,
    2.0,
    219.0
  ],
  "FEATURE_NON_ZERO_RATIO": 0.013818657231159165,
  "LABEL_GROUP_COUNT": [
    [
      3,
      1015
    ],
    [
      1,
      842
    ],
    [
      4,
      443
    ],
    [
      5,
      400
    ],
    [
      2,
      334
    ],
    [
      6,
      314
    ],
    [
      7,
      305
    ],
    [
      9,
      239
    ],
    [
      8,
      224
    ],
    [
      10,
      70
    ]
  ],
  "LABEL_GROUP_NUM": 10
}