{
  "CELL_NUM": 27499,
  "GENE_NUM": 13166,
  "FEATURE_NON_ZERO_QUARTILE": [
    1.0,
    1.0,
    1.0,
    1.0,
    707.0
  ],
  "FEATURE_NON_ZERO_RATIO": 0.06671842187105176,
  "LABEL_GROUP_COUNT": [
    [
      5,
      10888
    ],
    [
      10,
      2945
    ],
    [
      6,
      2237
    ],
    [
      4,
      1759
    ],
    [
      3,
      1702
    ],
    [
      8,
      1372
    ],
    [
      13,
      1091
    ],
    [
      17,
      817
    ],
    [
      16,
      792
    ],
    [
      2,
      669
    ],
    [
      7,
      558
    ],
    [
      1,
      553
    ],
    [
      14,
      535
    ],
    [
      11,
      479
    ],
    [
      12,
      398
    ],
    [
      15,
      313
    ],
    [
      9,
      252
    ],
    [
      18,
      91
    ],
    [
      19,
      48
    ]
  ],
  "LABEL_GROUP_NUM": 19
}