{
  "CELL_NUM": 2257,
  "GENE_NUM": 13488,
  "FEATURE_NON_ZERO_QUARTILE": [
    1.0,
    1.0,
    1.0,
    2.0,
    112.0
  ],
  "FEATURE_NON_ZERO_RATIO": 0.014422968269009923,
  "LABEL_GROUP_COUNT": [
    [
      3,
      1015
    ],
    [
      1,
      842
    ],
    [
      4,
      50
    ],
    [
      5,
      50
    ],
    [
      2,
      50
    ],
    [
      6,
      50
    ],
    [
      7,
      50
    ],
    [
      9,
      50
    ],
    [
      8,
      50
    ],
    [
      10,
      50
    ]
  ],
  "LABEL_GROUP_NUM": 10
}