{
  "CELL_NUM": 36599,
  "GENE_NUM": 20387,
  "FEATURE_NON_ZERO_QUARTILE": [
    1.0,
    1.0,
    1.0,
    2.0,
    203.0
  ],
  "FEATURE_NON_ZERO_RATIO": 0.02626678484567157,
  "LABEL_GROUP_COUNT": [
    [
      2,
      21429
    ],
    [
      3,
      11652
    ],
    [
      6,
      500
    ],
    [
      4,
      500
    ],
    [
      1,
      500
    ],
    [
      9,
      500
    ],
    [
      5,
      500
    ],
    [
      7,
      500
    ],
    [
      10,
      342
    ],
    [
      8,
      176
    ]
  ],
  "LABEL_GROUP_NUM": 10
}