{
  "CELL_NUM": 68579,
  "GENE_NUM": 20387,
  "FEATURE_NON_ZERO_QUARTILE": [
    1.0,
    1.0,
    1.0,
    2.0,
    260.0
  ],
  "FEATURE_NON_ZERO_RATIO": 0.02669534306872082,
  "LABEL_GROUP_COUNT": [
    [
      2,
      21429
    ],
    [
      3,
      11652
    ],
    [
      6,
      8570
    ],
    [
      4,
      7656
    ],
    [
      1,
      6398
    ],
    [
      9,
      4492
    ],
    [
      5,
      3941
    ],
    [
      7,
      3923
    ],
    [
      10,
      342
    ],
    [
      8,
      176
    ]
  ],
  "LABEL_GROUP_NUM": 10
}