{
  "CELL_NUM": 2746,
  "GENE_NUM": 20670,
  "FEATURE_NON_ZERO_QUARTILE": [
    1.0,
    1.0,
    1.0,
    2.0,
    303.0
  ],
  "FEATURE_NON_ZERO_RATIO": 0.05132729455449295,
  "LABEL_GROUP_COUNT": [
    [
      1,
      717
    ],
    [
      2,
      357
    ],
    [
      3,
      344
    ],
    [
      4,
      316
    ],
    [
      5,
      236
    ],
    [
      6,
      224
    ],
    [
      7,
      131
    ],
    [
      8,
      80
    ],
    [
      9,
      75
    ],
    [
      10,
      64
    ],
    [
      11,
      44
    ],
    [
      13,
      41
    ],
    [
      12,
      38
    ],
    [
      14,
      36
    ],
    [
      15,
      30
    ],
    [
      16,
      13
    ]
  ],
  "LABEL_GROUP_NUM": 16
}